title,category,link
$1m payoff for former Shell boss,business,article-aug-3515.html
Anti-tremor mouse stops PC shakes,technology,article-aug-1123.html
Apple unveils low-cost 'Mac mini',technology,article-aug-4475.html
"Argentina, Venezuela in oil deal",business,article-aug-3384.html
Argentine great Caniggia retires,sport,article-aug-4019.html
Banker loses sexism claim,business,article-aug-0806.html
Beijingers fume over parking fees,business,article-aug-4964.html
Bell set for England debut,sport,article-aug-4265.html
Benitez issues warning to Gerrard,sport,article-aug-3926.html
Blackburn 0-1 Chelsea,sport,article-aug-4614.html
Brazil plays down Varig rescue,business,article-aug-2567.html
Britons fed up with net service,technology,article-aug-4701.html
Broadband takes on TV viewing,technology,article-aug-0893.html
Brussels raps mobile call charges,business,article-aug-4668.html
Butler strikes gold in Spain,sport,article-aug-1637.html
Chelsea denied by James heroics,sport,article-aug-0324.html
China had role in Yukos split-up,business,article-aug-0908.html
Clijsters hope on Aussie Open,sport,article-aug-1443.html
Costin aims for comeback in 2006,sport,article-aug-3079.html
DaimlerChrysler's 2004 sales rise,business,article-aug-0896.html
Dal Maso in to replace Bergamasco,sport,article-aug-4896.html
Davenport hits out at Wimbledon,sport,article-aug-3579.html
Dein concerned by Chelsea stance,sport,article-aug-4658.html
Deutsche Boerse boosts dividend,business,article-aug-2737.html
EU ministers to mull jet fuel tax,business,article-aug-1784.html
Euronext joins bid battle for LSE,business,article-aug-2063.html
Featured: 'No re-draft' for EU patent law,technology,article-aug-1532.html
Featured: 'Ultimate game' award for Doom 3,technology,article-aug-0644.html
Fed chief warning on US deficit,business,article-aug-3247.html
Ferguson rues failure to cut gap,sport,article-aug-2464.html
GM pays $2bn to evade Fiat buyout,business,article-aug-2142.html
GSK aims to stop Aids profiteers,business,article-aug-1157.html
GTA sequel is criminally good,technology,article-aug-2119.html
"Gamer buys $26,500 virtual land",technology,article-aug-3859.html
Google's toolbar sparks concern,technology,article-aug-1614.html
Greene sets sights on world title,sport,article-aug-3206.html
Henman to face Saulnier test,sport,article-aug-3335.html
Holmes back on form in Birmingham,sport,article-aug-2889.html
Home loan approvals rising again,business,article-aug-0763.html
Huge rush for Jet Airways shares,business,article-aug-0648.html
IBM puts cash behind Linux push,technology,article-aug-1226.html
India unveils anti-poverty budget,business,article-aug-2762.html
Injury doubts beset Wales squad,sport,article-aug-0319.html
"Intercom Are Doubling Their Product Teams In SF, Dublin & London",technology,article-aug-3240.html
Ireland 19-13 England,sport,article-aug-1817.html
Ireland win eclipses refereeing 'errors',sport,article-aug-0781.html
Japan economy slides to recession,business,article-aug-4887.html
Japan's ageing workforce: built to last,business,article-aug-4692.html
Japanese growth grinds to a halt,business,article-aug-0685.html
Jobs go at Oracle after takeover,business,article-aug-1101.html
Jobs growth still slow in the US,business,article-aug-1823.html
Johnson accuses British sprinters,sport,article-aug-3199.html
LSE doubts boost bidders' shares,business,article-aug-0176.html
Lasers help bridge network gaps,technology,article-aug-1452.html
Lewis-Francis turns to Christie,sport,article-aug-3112.html
Man City 0-2 Man Utd,sport,article-aug-0373.html
Man Utd women's team to be axed,sport,article-aug-4936.html
Markets fall on weak dollar fears,business,article-aug-1558.html
Marsh executive in guilty plea,business,article-aug-3754.html
McDonald's boss Bell dies aged 44,business,article-aug-2783.html
McIlroy wins 800m indoor title,sport,article-aug-4587.html
Mexican in US send $16bn home,business,article-aug-3962.html
Microsoft launches its own search,technology,article-aug-0665.html
Microsoft releases bumper patches,technology,article-aug-3312.html
Microsoft sets sights on spyware,technology,article-aug-2549.html
Mixed Christmas for US retailers,business,article-aug-4009.html
Mixed reaction to Man Utd offer,business,article-aug-2180.html
Murray to make Cup history,sport,article-aug-3857.html
Musical future for phones,technology,article-aug-3877.html
Net fingerprints combat attacks,technology,article-aug-3101.html
New browser wins over net surfers,technology,article-aug-3408.html
News Corp eyes video games market,business,article-aug-3126.html
No seasonal lift for house market,business,article-aug-2688.html
O'Sullivan quick to hail Italians,sport,article-aug-2601.html
Online News poll indicates economic gloom,business,article-aug-1976.html
Parmalat boasts doubled profits,business,article-aug-4015.html
PlayStation 3 processor unveiled,technology,article-aug-4910.html
Podcasts mark rise of DIY radio,technology,article-aug-1990.html
Police detain Chinese milk bosses,business,article-aug-3360.html
Poll explains free-kick decision,sport,article-aug-3213.html
Radcliffe proves doubters wrong,sport,article-aug-3564.html
Radcliffe will compete in London,sport,article-aug-4998.html
Roddick into San Jose final,sport,article-aug-0801.html
Ruddock backs Yapp's credentials,sport,article-aug-4456.html
S&N extends Indian beer venture,business,article-aug-4931.html
SA return to Mauritius,sport,article-aug-4232.html
Safin slumps to shock Dubai loss,sport,article-aug-1046.html
Sales 'fail to boost High Street',business,article-aug-3940.html
Santini resigns as Spurs manager,sport,article-aug-4740.html
Serena ends Sania Mirza's dream,sport,article-aug-2812.html
Set your television to wow,technology,article-aug-0633.html
Small firms 'hit by rising costs',business,article-aug-3280.html
Souness delight at Euro progress,sport,article-aug-4746.html
Stars shine for tsunami benefit,sport,article-aug-4220.html
Strachan turns down Pompey,sport,article-aug-1720.html
Strong demand triggers oil rally,business,article-aug-1390.html
Sydney to host north v south game,sport,article-aug-2437.html
Telegraph newspapers axe 90 jobs,business,article-aug-1486.html
UK bank seals South Korean deal,business,article-aug-2512.html
UK homes hit Â£3.3 trillion total,business,article-aug-1933.html
US Airways staff agree to pay cut,business,article-aug-1337.html
US budget deficit to reach $368bn,business,article-aug-4172.html
US interest rates increased to 2%,business,article-aug-3301.html
US woman sues over ink cartridges,technology,article-aug-2517.html
Uganda FA suspended,sport,article-aug-4672.html
Ukraine strikes Turkmen gas deal,business,article-aug-0800.html
Video phone help for deaf people,technology,article-aug-0840.html
Viewers to be able to shape TV,technology,article-aug-4831.html
WRU proposes season overhaul,sport,article-aug-2563.html
Watchdog probes Vivendi bond sale,business,article-aug-4625.html
Weak data buffets French economy,business,article-aug-1797.html
White prepared for battle,sport,article-aug-2487.html
Williams stays on despite dispute,sport,article-aug-0053.html
Wipro beats forecasts once again,business,article-aug-1767.html
WorldCom bosses' $54m payout,business,article-aug-3362.html
Young debut cut short by Ginepri,sport,article-aug-1146.html
